ts	id	op	images	exit	seconds
2026-09-15T23:03:09.031Z	lorien/01	image_gen	1	0	30.3
2026-09-15T23:04:06.354Z	aquarium/01	image_gen	1	0	36.5
2026-09-15T23:04:10.349Z	mission-control/01	image_gen	1	0	40.5
2026-09-15T23:04:11.103Z	bruegel/01	image_gen	1	0	41.3
2026-09-15T23:04:12.346Z	night-city/01	image_gen	1	0	42.5
2026-09-15T23:04:42.240Z	isometric-office/01	image_gen	1	0	35.9
2026-09-15T23:06:07.778Z	01.jpg	readback	0	0	31.1
2026-09-15T23:06:42.105Z	01.jpg	readback	0	0	34.2
2026-09-15T23:07:26.886Z	01.jpg	readback	0	0	110.2
2026-09-15T23:07:42.413Z	01.jpg	readback	0	0	60.2
2026-09-15T23:08:13.864Z	01.jpg	readback	0	0	157.2
2026-09-15T23:09:04.044Z	01.jpg	readback	0	0	47.5
2026-09-15T23:10:35.986Z	01.jpg	readback	0	0	188.9
2026-09-15T23:10:38.225Z	01.jpg	readback	0	0	141.7
2026-09-15T23:10:38.806Z	01.jpg	readback	0	0	94.6
2026-09-15T23:10:39.988Z	01.jpg	readback	0	0	143.4
2026-09-15T23:12:38.639Z	01.jpg	readback	0	0	120.3
2026-09-15T23:12:40.703Z	01.jpg	readback	0	0	121.8
2026-09-15T23:17:40.791Z	lorien/03	image_gen	1	0	31.9
2026-09-15T23:17:41.884Z	lorien/04	image_gen	1	0	33.0
2026-09-15T23:17:44.273Z	lorien/05	image_gen	1	0	35.4
2026-09-15T23:17:50.519Z	lorien/02	image_gen	1	0	41.7
2026-09-15T23:18:25.743Z	lorien/07	image_gen	1	0	43.9
2026-09-15T23:19:14.876Z	lorien/06	image_gen	1	0	94.1
2026-09-15T23:22:36.736Z	starcraft/02	image_gen	1	0	44.6
2026-09-15T23:22:40.046Z	starcraft/04	image_gen	1	0	47.9
2026-09-15T23:22:40.437Z	starcraft/01	image_gen	1	0	48.3
2026-09-15T23:22:40.656Z	starcraft/03	image_gen	1	0	48.5
2026-09-15T23:23:10.865Z	starcraft/05	image_gen	1	0	34.1
2026-09-15T23:24:09.801Z	starcraft/06	image_gen	1	0	89.8
2026-09-15T23:27:57.487Z	mission-control/03	image_gen	1	0	105.6
2026-09-15T23:28:01.257Z	mission-control/05	image_gen	1	0	109.3
2026-09-15T23:28:08.409Z	mission-control/02	image_gen	1	0	116.5
2026-09-15T23:28:24.907Z	mission-control/03	image_gen	1	0	81.6
2026-09-15T23:28:30.050Z	mission-control/04	image_gen	1	0	86.7
2026-09-15T23:29:00.409Z	mission-control/05	image_gen	1	0	117.1
2026-09-15T23:29:01.147Z	mission-control/02	image_gen	1	0	117.8
2026-09-15T23:29:22.983Z	mission-control/06	image_gen	1	0	85.5
2026-09-15T23:29:32.591Z	mission-control/04	image_gen	1	0	200.7
2026-09-15T23:29:35.924Z	mission-control/07	image_gen	1	0	65.9
2026-09-15T23:30:02.365Z	mission-control/07	image_gen	1	0	121.1
2026-09-15T23:30:03.531Z	mission-control/06	image_gen	1	0	98.6
